{"stat.mineBlock.byg.flowers":1,"stat.pickup.minecraft.bone":16,"stat.killEntity.HungryZombie":1,"stat.useItem.minecraft.iron_axe":23,"stat.leaveGame":4,"stat.killEntity.HuskZombie":1,"stat.mineBlock.minecraft.cobblestone":8,"stat.craftItem.magistuarmory.hilt":2,"stat.craftItem.minecraft.iron_axe":1,"stat.drop.spartanweaponry.rapier_iron":1,"stat.useItem.spartanweaponry.greatsword_iron":219,"stat.swimOneCm":9770,"stat.pickup.cfm.item_crow_bar":1,"stat.useItem.minecraft.planks":10,"stat.pickup.minecraft.enchanted_book":1,"stat.climbOneCm":994,"stat.pickup.minecraft.porkchop":6,"stat.mineBlock.gravestone.gravestone":1,"stat.killEntity.betteranimalsplus.boar":1,"stat.useItem.minecraft.dirt":17,"stat.useItem.minecraft.stone_slab2":26,"stat.pickup.spartanweaponry.rapier_iron":1,"stat.pickup.magistuarmory.steel_ingot":7,"stat.mineBlock.minecraft.stone_brick_stairs":1,"stat.pickup.minecraft.rotten_flesh":11,"stat.pickup.magistuarmory.knight_boots":1,"stat.craftItem.magistuarmory.steel_plate":20,"stat.pickup.iceandfire.chain_link":1,"stat.killEntity.SniperSkeleton":1,"stat.craftItem.minecraft.stone_pickaxe":1,"stat.useItem.byg.sodalite":3,"stat.mineBlock.byg.greentuilp":1,"stat.pickup.minecraft.cobblestone":129,"stat.pickup.minecraft.leather_boots":1,"stat.flyOneCm":287020,"stat.pickup.iceandfire.ash":1,"stat.pickup.minecraft.fish":1,"stat.mineBlock.byg.sodalite":4,"stat.craftItem.minecraft.cooked_fish":1,"stat.mineBlock.minecraft.iron_ore":61,"stat.timeSinceDeath":10217,"stat.craftItem.magistuarmory.barbute":1,"stat.useItem.minecraft.iron_pickaxe":277,"stat.craftItem.minecraft.wooden_pickaxe":1,"stat.pickup.minecraft.mutton":8,"stat.pickup.spartanweaponry.greatsword_iron":1,"stat.pickup.travelersbackpack.travelers_backpack":3,"stat.pickup.minecraft.chainmail_helmet":1,"stat.pickup.minecraft.stonebrick":6,"stat.furnaceInteraction":43,"stat.craftItem.spartanweaponry.material":4,"stat.pickup.magistuarmory.knight_chestplate":1,"stat.pickup.magistuarmory.brigandine_chestplate":1,"stat.mineBlock.minecraft.coal_ore":68,"stat.mineBlock.betteranimalsplus.boarhead_4":1,"stat.pickup.minecraft.string":2,"stat.pickup.minecraft.beef":13,"stat.pickup.minecraft.furnace":10,"stat.useItem.minecraft.cooked_mutton":2,"stat.pickup.minecraft.leather_helmet":1,"stat.sprintOneCm":383316,"stat.killEntity.betteranimalsplus.pheasant":1,"stat.pickup.familiarfauna.venison_cooked":51,"stat.useItem.familiarfauna.venison_cooked":17,"stat.craftItem.minecraft.stick":28,"stat.pickup.mca.rose_gold_ore":5,"stat.mineBlock.iceandfire.ash":1,"stat.craftItem.magistuarmory.steel_pavese":1,"stat.pickup.minecraft.potion":2,"stat.mineBlock.minecraft.crafting_table":1,"stat.mineBlock.byg.ebonyleaves":6,"stat.craftItem.magistuarmory.halfarmor_chestplate":1,"stat.useItem.minecraft.beef":1,"stat.craftItem.minecraft.dark_oak_boat":1,"stat.deaths":4,"stat.mineBlock.iceandfire.chared_gravel":1,"stat.drop":5,"stat.pickup.byg.sodalite":4,"stat.playOneMinute":132724,"stat.killEntity.Sheep":2,"stat.craftItem.minecraft.iron_pickaxe":2,"stat.pickup.magistuarmory.barbute":1,"stat.craftItem.spartanweaponry.greatsword_iron":1,"stat.pickup.minecraft.item_frame":1,"stat.craftItem.magistuarmory.leather_strip":12,"stat.pickup.minecraft.iron_bars":2,"stat.pickup.minecraft.fire_charge":2,"stat.mineBlock.minecraft.tallgrass":162,"stat.craftItem.minecraft.cooked_mutton":3,"stat.diveOneCm":16255,"stat.pickup.minecraft.cooked_mutton":1,"stat.chestOpened":30,"stat.entityKilledBy.seaserpent":2,"stat.killEntity.betteranimalsplus.goose":1,"stat.pickup.byg.aspen_log":3,"stat.pickup.minecraft.gravel":12,"stat.pickup.minecraft.arrow":16,"stat.useItem.minecraft.apple":2,"stat.craftItem.magistuarmory.iron_shortsword":1,"stat.useItem.minecraft.porkchop":6,"stat.pickup.minecraft.gold_nugget":130,"stat.pickup.magistuarmory.wood_stylet":2,"stat.pickup.levelup2.skillbook":1,"stat.useItem.minecraft.rotten_flesh":1,"stat.mineBlock.byg.aspen_log":4,"stat.pickup.minecraft.stone_brick_stairs":3,"stat.jump":1596,"stat.pickup.minecraft.coal":157,"stat.fallOneCm":45579,"stat.useItem.minecraft.dark_oak_boat":1,"stat.pickup.iceandfire.chared_gravel":2,"stat.crouchOneCm":710,"stat.craftItem.magistuarmory.knight_leggings":1,"stat.pickup.minecraft.spider_eye":4,"stat.craftItem.minecraft.iron_ingot":42,"stat.craftItem.minecraft.torch":48,"stat.pickup.minecraft.dirt":49,"stat.craftItem.magistuarmory.steel_ingot":36,"stat.craftingTableInteraction":8,"stat.pickup.minecraft.iron_ore":60,"stat.mineBlock.mca.rose_gold_ore":5,"stat.boatOneCm":73746,"stat.mineBlock.minecraft.iron_bars":2,"stat.mineBlock.minecraft.log2":18,"stat.damageTaken":3115,"stat.pickup.minecraft.leather":7,"stat.pickup.magistuarmory.knight_leggings":1,"stat.useItem.minecraft.stone_brick_stairs":1,"stat.killEntity.PoisonSpider":1,"stat.mineBlock.minecraft.furnace":6,"stat.mineBlock.minecraft.torch":3,"stat.dispenserInspected":3,"stat.useItem.minecraft.furnace":3,"stat.useItem.minecraft.wooden_pickaxe":5,"stat.craftItem.betteranimalsplus.pheasantcooked":3,"stat.craftItem.magistuarmory.knight_chestplate":1,"stat.pickup.minecraft.log2":18,"stat.drop.magistuarmory.gold_tartsche":1,"stat.pickup.minecraft.planks":12,"stat.pickup.minecraft.wheat_seeds":11,"stat.mineBlock.minecraft.gravel":4,"stat.useItem.minecraft.stone_pickaxe":9,"stat.entityKilledBy.PoisonSkeleton":1,"stat.damageDealt":3975,"stat.pickup.blue_skies.blue_lore":1,"stat.pickup.magistuarmory.gold_tartsche":2,"stat.killEntity.FishingZombie":1,"stat.killEntity.Cow":5,"stat.mineBlock.minecraft.dirt":24,"stat.pickup.minecraft.chainmail_boots":1,"stat.pickup.byg.flowers":2,"stat.craftItem.magistuarmory.iron_estoc":1,"stat.walkOneCm":280838,"stat.pickup.betteranimalsplus.boarhead_4":3,"stat.useItem.minecraft.torch":45,"stat.useItem.minecraft.bread":4,"stat.pickup.minecraft.golden_apple":1,"stat.pickup.minecraft.stick":2,"stat.drop.minecraft.rotten_flesh":2,"stat.useItem.minecraft.log":6,"stat.pickup.minecraft.crafting_table":1,"stat.pickup.magistuarmory.gambeson_boots":1,"stat.useItem.minecraft.cobblestone":88,"stat.craftItem.minecraft.crafting_table":2,"stat.mineBlock.minecraft.double_plant":1,"stat.craftItem.minecraft.boat":1,"stat.pickup.minecraft.log":16,"stat.craftItem.byg.aspen_planks":12,"stat.useItem.minecraft.cooked_fish":1,"stat.pickup.betteranimalsplus.pheasant_egg":1,"stat.pickup.minecraft.iron_pickaxe":1,"stat.craftItem.minecraft.gold_ingot":14,"stat.craftItem.magistuarmory.wood_pavese":1,"stat.pickup.minecraft.stone":2,"stat.pickup.byg.greentuilp":1,"stat.pickup.betteranimalsplus.pheasantraw":3,"stat.pickup.minecraft.sapling":4,"stat.pickup.iceandfire.fire_dragon_blood":1,"stat.pickup.minecraft.apple":2,"stat.useItem.betteranimalsplus.pheasantcooked":1,"stat.mineBlock.iceandfire.goldpile":28,"stat.useItem.magistuarmory.wood_stylet":14,"stat.mineBlock.minecraft.stonebrick":6,"stat.craftItem.minecraft.planks":104,"stat.pickup.minecraft.bread":4,"stat.mobKills":21,"stat.pickup.minecraft.book":18,"stat.mineBlock.minecraft.log":12,"stat.mineBlock.minecraft.bookshelf":6,"stat.useItem.minecraft.boat":1,"stat.mineBlock.minecraft.leaves":29,"stat.pickup.minecraft.torch":3,"stat.sneakTime":489,"stat.pickup.minecraft.wool":3,"stat.drop.iceandfire.fire_dragon_blood":1,"stat.useItem.magistuarmory.iron_estoc":14,"stat.mineBlock.minecraft.stone":91,"stat.craftItem.magistuarmory.knight_boots":1}