{"stat.useItem.minecraft.bow":8,"stat.pickup.minecraft.bone":88,"stat.useItem.minecraft.iron_axe":20,"stat.leaveGame":10,"stat.mineBlock.minecraft.cobblestone":5,"stat.pickup.minecraft.stone_pickaxe":10,"stat.pickup.minecraft.flint":4,"stat.drop.minecraft.leather_helmet":1,"stat.craftItem.minecraft.iron_axe":1,"stat.pickup.gravestone.death_info":7,"stat.swimOneCm":1914,"stat.pickup.cfm.item_crow_bar":10,"stat.climbOneCm":6391,"stat.useItem.minecraft.planks":7,"stat.pickup.minecraft.enchanted_book":4,"stat.mineBlock.minecraft.web":11,"stat.mineBlock.minecraft.spruce_stairs":1,"stat.pickup.minecraft.cooked_porkchop":3,"stat.pickup.minecraft.porkchop":91,"stat.pickup.xreliquary.mob_ingredient":6,"stat.mineBlock.gravestone.gravestone":12,"stat.killEntity.betteranimalsplus.boar":7,"stat.useItem.minecraft.stone_slab2":17,"stat.pickup.minecraft.bow":4,"stat.pickup.minecraft.iron_boots":4,"stat.pickup.minecraft.rotten_flesh":16,"stat.killEntity.BruteZombie":1,"stat.entityKilledBy.GiantZombie":1,"stat.drop.magistuarmory.gambeson_chestplate":1,"stat.craftItem.minecraft.stone_axe":1,"stat.pickup.magistuarmory.chainmail_boots":3,"stat.pickup.iceandfire.witherbone":1,"stat.useItem.minecraft.golden_pickaxe":4,"stat.craftItem.minecraft.stone_pickaxe":3,"stat.pickup.minecraft.cobblestone":63,"stat.craftItem.minecraft.stone_sword":1,"stat.flyOneCm":604860,"stat.pickup.minecraft.chainmail_chestplate":1,"stat.useItem.magistuarmory.iron_stylet":191,"stat.drop.minecraft.wheat_seeds":1,"stat.pickup.minecraft.golden_pickaxe":2,"stat.mineBlock.minecraft.iron_ore":10,"stat.timeSinceDeath":7339,"stat.useItem.minecraft.iron_pickaxe":123,"stat.craftItem.minecraft.wooden_pickaxe":4,"stat.pickup.minecraft.mossy_cobblestone":2,"stat.pickup.travelersbackpack.travelers_backpack":15,"stat.drop.gravestone.death_info":5,"stat.pickup.minecraft.chainmail_helmet":4,"stat.pickup.minecraft.stonebrick":54,"stat.furnaceInteraction":5,"stat.drop.minecraft.gravel":4,"stat.pickup.magistuarmory.gambeson_chestplate":7,"stat.drop.minecraft.dirt":1,"stat.pickup.minecraft.iron_shovel":1,"stat.killEntity.ZombieVillager":1,"stat.mineBlock.minecraft.coal_ore":65,"stat.pickup.minecraft.shield":1,"stat.pickup.minecraft.wooden_sword":3,"stat.pickup.minecraft.string":34,"stat.killEntity.BruteSkeleton":1,"stat.craftItem.minecraft.stone_slab2":0,"stat.pickup.minecraft.leather_helmet":1,"stat.sprintOneCm":502662,"stat.pickup.minecraft.iron_chestplate":8,"stat.pickup.familiarfauna.venison_cooked":462,"stat.useItem.familiarfauna.venison_cooked":37,"stat.pickup.minecraft.skull":1,"stat.craftItem.minecraft.stick":28,"stat.pickup.mca.rose_gold_ore":4,"stat.pickup.minecraft.potion":9,"stat.useItem.minecraft.snowball":1,"stat.mineBlock.minecraft.crafting_table":3,"stat.mineBlock.minecraft.quartz_block":29,"stat.pickup.minecraft.saddle":1,"stat.entityKilledBy.BruteSkeleton":1,"stat.entityKilledBy.betteranimalsplus.boar":7,"stat.deaths":14,"stat.mineBlock.minecraft.planks":1,"stat.drop":26,"stat.playOneMinute":118560,"stat.useItem.minecraft.wooden_sword":10,"stat.killEntity.PoisonSkeleton":1,"stat.pickup.minecraft.jukebox":1,"stat.pickup.minecraft.item_frame":6,"stat.pickup.minecraft.iron_bars":2,"stat.drop.minecraft.glass_bottle":1,"stat.mineBlock.minecraft.tallgrass":44,"stat.diveOneCm":382,"stat.pickup.minecraft.cooked_mutton":2,"stat.chestOpened":72,"stat.mineBlock.minecraft.mossy_cobblestone":1,"stat.entityKilledBy.SniperSkeleton":1,"stat.drop.minecraft.wooden_pickaxe":4,"stat.pickup.minecraft.gravel":8,"stat.pickup.minecraft.arrow":66,"stat.killEntity.FlyingCaveSpider":1,"stat.pickup.minecraft.stone_axe":2,"stat.pickup.magistuarmory.gold_pavese":3,"stat.useItem.minecraft.apple":1,"stat.pickup.minecraft.obsidian":24,"stat.useItem.minecraft.potion":1,"stat.pickup.levelup2.skillbook":2,"stat.drop.cfm.item_crow_bar":1,"stat.jump":2416,"stat.pickup.minecraft.coal":238,"stat.pickup.minecraft.iron_helmet":5,"stat.pickup.minecraft.cooked_chicken":4,"stat.fallOneCm":85309,"stat.pickup.minecraft.iron_ingot":66,"stat.drop.minecraft.stone":2,"stat.useItem.minecraft.stone_axe":3,"stat.drop.minecraft.stone_sword":3,"stat.crouchOneCm":9250,"stat.pickup.minecraft.spider_eye":2,"stat.craftItem.minecraft.iron_ingot":10,"stat.craftItem.minecraft.torch":24,"stat.pickup.minecraft.dirt":10,"stat.pickup.magistuarmory.chainmail_chestplate":3,"stat.craftingTableInteraction":13,"stat.pickup.minecraft.iron_ore":20,"stat.useItem.magistuarmory.gold_stylet":22,"stat.mineBlock.mca.rose_gold_ore":2,"stat.mineBlock.minecraft.iron_bars":2,"stat.pickup.minecraft.iron_axe":1,"stat.pickup.magistuarmory.iron_stylet":8,"stat.pickup.minecraft.wooden_pickaxe":7,"stat.mineBlock.minecraft.log2":4,"stat.damageTaken":6887,"stat.drop.minecraft.iron_leggings":1,"stat.mineBlock.minecraft.torch":4,"stat.useItem.minecraft.wooden_pickaxe":22,"stat.pickup.magistuarmory.stone_ellipticalshield":7,"stat.craftItem.minecraft.wooden_sword":1,"stat.pickup.minecraft.log2":4,"stat.pickup.minecraft.planks":84,"stat.pickup.minecraft.reeds":14,"stat.pickup.minecraft.iron_leggings":8,"stat.pickup.minecraft.wheat_seeds":5,"stat.pickup.minecraft.quartz_block":27,"stat.mineBlock.minecraft.gravel":8,"stat.useItem.minecraft.stone_pickaxe":31,"stat.useItem.minecraft.stone_sword":3,"stat.damageDealt":8780,"stat.pickup.blue_skies.blue_lore":2,"stat.sleepInBed":3,"stat.pickup.magistuarmory.gold_stylet":2,"stat.pickup.magistuarmory.gold_tartsche":5,"stat.killEntity.FishingZombie":1,"stat.mineBlock.minecraft.dirt":3,"stat.useItem.minecraft.crafting_table":2,"stat.killEntity.Pig":1,"stat.pickup.minecraft.chainmail_boots":3,"stat.walkOneCm":433330,"stat.pickup.minecraft.brewing_stand":6,"stat.useItem.minecraft.torch":54,"stat.useItem.minecraft.bread":1,"stat.drop.minecraft.item_frame":2,"stat.pickup.minecraft.stick":36,"stat.pickup.minecraft.crafting_table":16,"stat.pickup.magistuarmory.gambeson_boots":7,"stat.useItem.minecraft.cobblestone":3,"stat.craftItem.minecraft.crafting_table":5,"stat.pickup.minecraft.log":14,"stat.useItem.minecraft.cooked_fish":1,"stat.drop.minecraft.stonebrick":1,"stat.pickup.minecraft.iron_pickaxe":6,"stat.pickup.minecraft.stone":2,"stat.craftItem.minecraft.iron_chestplate":1,"stat.pickup.minecraft.baked_potato":5,"stat.pickup.minecraft.tipped_arrow":2,"stat.pickup.minecraft.sapling":9,"stat.pickup.minecraft.cooked_beef":2,"stat.pickup.minecraft.gold_ingot":40,"stat.mineBlock.minecraft.stonebrick":13,"stat.craftItem.minecraft.planks":72,"stat.pickup.minecraft.stone_sword":7,"stat.pickup.minecraft.bread":1,"stat.mobKills":46,"stat.pickup.minecraft.book":42,"stat.useItem.minecraft.stonebrick":10,"stat.mineBlock.minecraft.log":14,"stat.mineBlock.minecraft.bookshelf":4,"stat.pickup.byg.plant_stem":1,"stat.killEntity.StraySkeleton":1,"stat.mineBlock.minecraft.leaves":9,"stat.drop.magistuarmory.gold_stylet":1,"stat.pickup.minecraft.torch":54,"stat.pickup.minecraft.spruce_stairs":1,"stat.mineBlock.byg.plant_stem":1,"stat.sneakTime":3567,"stat.pickup.minecraft.cooked_fish":1,"stat.mineBlock.minecraft.jukebox":1,"stat.mineBlock.minecraft.stone":30}