{"stat.useItem.byg.light_blue_petal":1,"stat.pickup.minecraft.bone":2,"stat.leaveGame":15,"stat.pickup.minecraft.stone_pickaxe":5,"stat.mineBlock.minecraft.yellow_flower":1,"stat.mineBlock.byg.magentatulip":3,"stat.pickup.gravestone.death_info":38,"stat.pickup.magistuarmory.stone_heatershield":2,"stat.swimOneCm":840,"stat.pickup.cfm.item_crow_bar":12,"stat.pickup.byg.purple_petal":4,"stat.pickup.byg.magentatulip":13,"stat.pickup.minecraft.porkchop":10,"stat.mineBlock.gravestone.gravestone":16,"stat.killEntity.betteranimalsplus.boar":2,"stat.useItem.minecraft.stone_slab2":14,"stat.drop.travelersbackpack.travelers_backpack":2,"stat.craftItem.minecraft.furnace":2,"stat.drop.mowziesmobs.wrought_axe":1,"stat.craftItem.minecraft.stone_axe":1,"stat.mineBlock.byg.purpletulip":1,"stat.mineBlock.byg.yellowtulip":1,"stat.pickup.magistuarmory.chainmail_boots":3,"stat.craftItem.minecraft.stone_pickaxe":2,"stat.mineBlock.byg.greentuilp":1,"stat.pickup.minecraft.cobblestone":81,"stat.pickup.byg.thorn_branches":2,"stat.flyOneCm":230854,"stat.drop.magistuarmory.gold_pavese":1,"stat.entityKilledBy.firedragon":11,"stat.useItem.magistuarmory.iron_stylet":31,"stat.pickup.minecraft.fish":2,"stat.drop.minecraft.wheat_seeds":5,"stat.mineBlock.minecraft.iron_ore":9,"stat.timeSinceDeath":0,"stat.drop.byg.white_petal":1,"stat.craftItem.minecraft.wooden_pickaxe":2,"stat.pickup.minecraft.mutton":1,"stat.pickup.travelersbackpack.travelers_backpack":15,"stat.drop.gravestone.death_info":20,"stat.furnaceInteraction":22,"stat.pickup.magistuarmory.gambeson_chestplate":6,"stat.pickup.byg.purpletulip":5,"stat.killEntity.ZombieVillager":1,"stat.mineBlock.minecraft.coal_ore":48,"stat.drop.byg.magentatulip":10,"stat.pickup.minecraft.furnace":6,"stat.mineBlock.byg.cyantulip":2,"stat.pickup.byg.cyantulip":9,"stat.sprintOneCm":210546,"stat.pickup.mowziesmobs.wrought_axe":1,"stat.pickup.familiarfauna.venison_cooked":246,"stat.useItem.familiarfauna.venison_cooked":5,"stat.craftItem.minecraft.stick":28,"stat.pickup.cfm.crate":1,"stat.mineBlock.minecraft.crafting_table":2,"stat.mineBlock.byg.white_petal":1,"stat.entityKilledBy.betteranimalsplus.boar":7,"stat.deaths":28,"stat.drop":45,"stat.playOneMinute":107069,"stat.killEntity.Sheep":1,"stat.pickup.minecraft.item_frame":7,"stat.pickup.iceandfire.chared_dirt":6,"stat.mineBlock.minecraft.tallgrass":102,"stat.useItem.byg.thorn_branches":1,"stat.craftItem.minecraft.cooked_porkchop":10,"stat.pickup.minecraft.stone_axe":1,"stat.pickup.magistuarmory.gold_pavese":2,"stat.pickup.byg.yellowtulip":1,"stat.pickup.levelup2.skillbook":10,"stat.entityKilledBy.PlagueZombie":1,"stat.craftItem.minecraft.coal":9,"stat.jump":985,"stat.pickup.minecraft.coal":196,"stat.fallOneCm":21984,"stat.pickup.minecraft.iron_ingot":20,"stat.pickup.minecraft.carrot":1,"stat.useItem.minecraft.stone_axe":31,"stat.crouchOneCm":1648,"stat.pickup.byg.light_blue_petal":4,"stat.craftItem.minecraft.torch":4,"stat.entityKilledBy.HungryZombie":1,"stat.craftItem.minecraft.iron_ingot":5,"stat.pickup.minecraft.dirt":2,"stat.pickup.magistuarmory.chainmail_chestplate":3,"stat.craftingTableInteraction":4,"stat.pickup.minecraft.iron_ore":39,"stat.useItem.magistuarmory.gold_stylet":16,"stat.mineBlock.cfm.crate":2,"stat.pickup.magistuarmory.iron_stylet":5,"stat.pickup.minecraft.wooden_pickaxe":6,"stat.mineBlock.minecraft.log2":4,"stat.damageTaken":7642,"stat.pickup.minecraft.feather":12,"stat.pickup.byg.white_petal":7,"stat.mineBlock.minecraft.furnace":2,"stat.pickup.magistuarmory.stone_ellipticalshield":7,"stat.useItem.minecraft.wooden_pickaxe":84,"stat.pickup.minecraft.log2":4,"stat.pickup.minecraft.planks":45,"stat.entityKilledBy.ZombieVillager":2,"stat.pickup.minecraft.wheat_seeds":18,"stat.useItem.minecraft.stone_pickaxe":52,"stat.damageDealt":2021,"stat.pickup.blue_skies.blue_lore":9,"stat.sleepInBed":4,"stat.killEntity.FishingZombie":1,"stat.pickup.magistuarmory.gold_stylet":2,"stat.mineBlock.minecraft.dirt":1,"stat.killEntity.Pig":2,"stat.walkOneCm":304533,"stat.pickup.minecraft.stick":52,"stat.drop.byg.cyantulip":4,"stat.pickup.minecraft.crafting_table":7,"stat.pickup.magistuarmory.gambeson_boots":6,"stat.useItem.minecraft.cobblestone":3,"stat.craftItem.minecraft.crafting_table":2,"stat.pickup.minecraft.log":16,"stat.killEntity.betteranimalsplus.coyote":2,"stat.pickup.minecraft.stone":6,"stat.pickup.byg.greentuilp":1,"stat.pickup.minecraft.chicken":13,"stat.pickup.minecraft.sapling":5,"stat.craftItem.minecraft.planks":40,"stat.killEntity.Chicken":2,"stat.drop.minecraft.crafting_table":1,"stat.mobKills":12,"stat.mineBlock.minecraft.log":16,"stat.pickup.byg.plant_stem":25,"stat.craftItem.minecraft.cooked_chicken":3,"stat.mineBlock.minecraft.leaves":4,"stat.mineBlock.byg.thorn_branches":2,"stat.pickup.minecraft.torch":16,"stat.mineBlock.byg.plant_stem":4,"stat.sneakTime":1642,"stat.pickup.minecraft.wool":1,"stat.mineBlock.minecraft.stone":71}